Date,Temp
01-01-2011,20.7
02-01-2011,17.9
03-01-2011,18.8
04-01-2011,14.6
05-01-2011,15.8
06-01-2011,15.8
07-01-2011,15.8
08-01-2011,17.4
09-01-2011,21.8
10-01-2011,20
11-01-2011,16.2
12-01-2011,13.3
13-01-2011,16.7
14-01-2011,21.5
15-01-2011,25
16-01-2011,20.7
17-01-2011,20.6
18-01-2011,24.8
19-01-2011,17.7
20-01-2011,15.5
21-01-2011,18.2
22-01-2011,12.1
23-01-2011,14.4
24-01-2011,16
25-01-2011,16.5
26-01-2011,18.7
27-01-2011,19.4
28-01-2011,17.2
29-01-2011,15.5
30-01-2011,15.1
31-01-2011,15.4
01-02-2011,15.3
02-02-2011,18.8
03-02-2011,21.9
04-02-2011,19.9
05-02-2011,16.6
06-02-2011,16.8
07-02-2011,14.6
08-02-2011,17.1
09-02-2011,25
10-02-2011,15
11-02-2011,13.7
12-02-2011,13.9
13-02-2011,18.3
14-02-2011,22
15-02-2011,22.1
16-02-2011,21.2
17-02-2011,18.4
18-02-2011,16.6
19-02-2011,16.1
20-02-2011,15.7
21-02-2011,16.6
22-02-2011,16.5
23-02-2011,14.4
24-02-2011,14.4
25-02-2011,18.5
26-02-2011,16.9
27-02-2011,17.5
28-02-2011,21.2
01-03-2011,17.8
02-03-2011,18.6
03-03-2011,17
04-03-2011,16
05-03-2011,13.3
06-03-2011,14.3
07-03-2011,11.4
08-03-2011,16.3
09-03-2011,16.1
10-03-2011,11.8
11-03-2011,12.2
12-03-2011,14.7
13-03-2011,11.8
14-03-2011,11.3
15-03-2011,10.6
16-03-2011,11.7
17-03-2011,14.2
18-03-2011,11.2
19-03-2011,16.9
20-03-2011,16.7
21-03-2011,8.1
22-03-2011,8
23-03-2011,8.8
24-03-2011,13.4
25-03-2011,10.9
26-03-2011,13.4
27-03-2011,11
28-03-2011,15
29-03-2011,15.7
30-03-2011,14.5
31-03-2011,15.8
01-04-2011,16.7
02-04-2011,16.8
03-04-2011,17.5
04-04-2011,17.1
05-04-2011,18.1
06-04-2011,16.6
07-04-2011,10
08-04-2011,14.9
09-04-2011,15.9
10-04-2011,13
11-04-2011,7.6
12-04-2011,11.5
13-04-2011,13.5
14-04-2011,13
15-04-2011,13.3
16-04-2011,12.1
17-04-2011,12.4
18-04-2011,13.2
19-04-2011,13.8
20-04-2011,10.6
21-04-2011,9
22-04-2011,10
23-04-2011,9.8
24-04-2011,11.5
25-04-2011,8.9
26-04-2011,7.4
27-04-2011,9.9
28-04-2011,9.3
29-04-2011,9.9
30-04-2011,7.4
01-05-2011,8.6
02-05-2011,11.9
03-05-2011,14
04-05-2011,8.6
05-05-2011,10
06-05-2011,13.5
07-05-2011,12
08-05-2011,10.5
09-05-2011,10.7
10-05-2011,8.1
11-05-2011,10.1
12-05-2011,10.6
13-05-2011,5.3
14-05-2011,6.6
15-05-2011,8.5
16-05-2011,11.2
17-05-2011,9.8
18-05-2011,5.9
19-05-2011,3.2
20-05-2011,2.1
21-05-2011,3.4
22-05-2011,5.4
23-05-2011,9.6
24-05-2011,11.5
25-05-2011,12.3
26-05-2011,12.6
27-05-2011,11
28-05-2011,11.2
29-05-2011,11.4
30-05-2011,11.8
31-05-2011,12.8
01-06-2011,11.6
02-06-2011,10.6
03-06-2011,9.8
04-06-2011,11.2
05-06-2011,5.7
06-06-2011,7.1
07-06-2011,2.5
08-06-2011,3.5
09-06-2011,4.6
10-06-2011,11
11-06-2011,5.7
12-06-2011,7.7
13-06-2011,10.4
14-06-2011,11.4
15-06-2011,9.2
16-06-2011,6.1
17-06-2011,2.7
18-06-2011,4.3
19-06-2011,6.3
20-06-2011,3.8
21-06-2011,4.4
22-06-2011,7.1
23-06-2011,4.8
24-06-2011,5.8
25-06-2011,6.2
26-06-2011,7.3
27-06-2011,9.2
28-06-2011,10.2
29-06-2011,9.5
30-06-2011,9.5
01-07-2011,10.7
02-07-2011,10
03-07-2011,6.5
04-07-2011,7
05-07-2011,7.4
06-07-2011,8.1
07-07-2011,6.6
08-07-2011,8.3
09-07-2011,8.9
10-07-2011,4.6
11-07-2011,6.8
12-07-2011,5.7
13-07-2011,6.1
14-07-2011,7
15-07-2011,7.2
16-07-2011,6.3
17-07-2011,8.8
18-07-2011,5
19-07-2011,7.4
20-07-2011,10.1
21-07-2011,12
22-07-2011,9
23-07-2011,8.9
24-07-2011,9.8
25-07-2011,9
26-07-2011,9.2
27-07-2011,7.7
28-07-2011,8
29-07-2011,6.1
30-07-2011,3.5
31-07-2011,3.2
01-08-2011,5.7
02-08-2011,7.7
03-08-2011,9
04-08-2011,10
05-08-2011,6.2
06-08-2011,6.9
07-08-2011,6.5
08-08-2011,6.8
09-08-2011,7
10-08-2011,5.2
11-08-2011,3
12-08-2011,5.6
13-08-2011,7.9
14-08-2011,9
15-08-2011,8.6
16-08-2011,10.3
17-08-2011,10.5
18-08-2011,7.6
19-08-2011,9.7
20-08-2011,12.5
21-08-2011,7.4
22-08-2011,7.9
23-08-2011,3.9
24-08-2011,6.6
25-08-2011,4.6
26-08-2011,7
27-08-2011,6
28-08-2011,5.5
29-08-2011,8.1
30-08-2011,5.5
31-08-2011,6.2
01-09-2011,8
02-09-2011,10.3
03-09-2011,9.8
04-09-2011,9.6
05-09-2011,8.5
06-09-2011,7.5
07-09-2011,11.2
08-09-2011,14.6
09-09-2011,11.7
10-09-2011,7.8
11-09-2011,12.3
12-09-2011,10.1
13-09-2011,11.5
14-09-2011,7.3
15-09-2011,10.9
16-09-2011,14.1
17-09-2011,10.7
18-09-2011,16.9
19-09-2011,10.5
20-09-2011,6.5
21-09-2011,11
22-09-2011,6.3
23-09-2011,10.5
24-09-2011,7.2
25-09-2011,7.6
26-09-2011,10.7
27-09-2011,7.8
28-09-2011,9.6
29-09-2011,11.4
30-09-2011,12.4
01-10-2011,8.9
02-10-2011,13.2
03-10-2011,8.6
04-10-2011,6.2
05-10-2011,11.4
06-10-2011,13.2
07-10-2011,14.3
08-10-2011,7.3
09-10-2011,12.9
10-10-2011,7.8
11-10-2011,6.2
12-10-2011,5.6
13-10-2011,10
14-10-2011,13.3
15-10-2011,8.3
16-10-2011,10.2
17-10-2011,8.6
18-10-2011,7.3
19-10-2011,10.4
20-10-2011,11.2
21-10-2011,13.2
22-10-2011,11.4
23-10-2011,9.1
24-10-2011,6.6
25-10-2011,8.4
26-10-2011,9.7
27-10-2011,13.2
28-10-2011,12.5
29-10-2011,11
30-10-2011,11
31-10-2011,11.7
01-11-2011,9.2
02-11-2011,11.5
03-11-2011,13.6
04-11-2011,13.7
05-11-2011,10.4
06-11-2011,11.5
07-11-2011,7.6
08-11-2011,9.6
09-11-2011,14.2
10-11-2011,15.7
11-11-2011,10.5
12-11-2011,10.5
13-11-2011,9.7
14-11-2011,9.5
15-11-2011,11.3
16-11-2011,8.9
17-11-2011,9.4
18-11-2011,11.9
19-11-2011,11.7
20-11-2011,13.4
21-11-2011,12.6
22-11-2011,10.1
23-11-2011,15.8
24-11-2011,13.6
25-11-2011,11.9
26-11-2011,9.9
27-11-2011,12.6
28-11-2011,17.8
29-11-2011,15
30-11-2011,13.6
01-12-2011,13.4
02-12-2011,10.5
03-12-2011,14.2
04-12-2011,11.5
05-12-2011,13
06-12-2011,15
07-12-2011,14.7
08-12-2011,12.6
09-12-2011,12.5
10-12-2011,13.5
11-12-2011,14.8
12-12-2011,17.2
13-12-2011,9.7
14-12-2011,12.1
15-12-2011,12.8
16-12-2011,11.2
17-12-2011,16.4
18-12-2011,15.6
19-12-2011,13.3
20-12-2011,11
21-12-2011,11.1
22-12-2011,15
23-12-2011,12.8
24-12-2011,15
25-12-2011,14.2
26-12-2011,14
27-12-2011,15.5
28-12-2011,13.3
29-12-2011,15.6
30-12-2011,15.2
31-12-2011,17.4
01-01-2012,17
02-01-2012,15
03-01-2012,13.5
04-01-2012,15.2
05-01-2012,13
06-01-2012,12.5
07-01-2012,14.1
08-01-2012,14.8
09-01-2012,16.2
10-01-2012,15.8
11-01-2012,19.1
12-01-2012,22.2
13-01-2012,15.9
14-01-2012,13
15-01-2012,14.1
16-01-2012,15.8
17-01-2012,24
18-01-2012,18
19-01-2012,19.7
20-01-2012,25.2
21-01-2012,20.5
22-01-2012,19.3
23-01-2012,15.8
24-01-2012,17
25-01-2012,18.4
26-01-2012,13.3
27-01-2012,14.6
28-01-2012,12.5
29-01-2012,17
30-01-2012,17.1
31-01-2012,14
01-02-2012,14.6
02-02-2012,13.3
03-02-2012,14.8
04-02-2012,15.1
05-02-2012,13.1
06-02-2012,13.6
07-02-2012,19.5
08-02-2012,22.7
09-02-2012,17.2
10-02-2012,13.5
11-02-2012,15.4
12-02-2012,17
13-02-2012,19.2
14-02-2012,22.8
15-02-2012,26.3
16-02-2012,18.2
17-02-2012,17
18-02-2012,14.8
19-02-2012,12.8
20-02-2012,15.5
21-02-2012,15.6
22-02-2012,13.1
23-02-2012,15.2
24-02-2012,14.1
25-02-2012,12.5
26-02-2012,14.6
27-02-2012,10.4
28-02-2012,13.9
01-03-2012,11.9
02-03-2012,13.5
03-03-2012,9.8
04-03-2012,14
05-03-2012,21.5
06-03-2012,19.5
07-03-2012,16.7
08-03-2012,19.1
09-03-2012,11
10-03-2012,9
11-03-2012,10
12-03-2012,14.6
13-03-2012,12.5
14-03-2012,17.2
15-03-2012,19.2
16-03-2012,22.2
17-03-2012,15.7
18-03-2012,14.2
19-03-2012,9.8
20-03-2012,14
21-03-2012,17.5
22-03-2012,20.7
23-03-2012,15.6
24-03-2012,13.2
25-03-2012,14.5
26-03-2012,16.8
27-03-2012,17.2
28-03-2012,13.4
29-03-2012,14.2
30-03-2012,14.3
31-03-2012,10.2
01-04-2012,10.4
02-04-2012,12.3
03-04-2012,11.9
04-04-2012,11.2
05-04-2012,8.5
06-04-2012,12
07-04-2012,12.4
08-04-2012,12.9
09-04-2012,10.1
10-04-2012,15
11-04-2012,13.6
12-04-2012,12.4
13-04-2012,13.6
14-04-2012,16.1
15-04-2012,19.5
16-04-2012,14.2
17-04-2012,9.3
18-04-2012,10.1
19-04-2012,7.4
20-04-2012,8.6
21-04-2012,7.8
22-04-2012,9.1
23-04-2012,13
24-04-2012,16.5
25-04-2012,12.9
26-04-2012,6.9
27-04-2012,6.9
28-04-2012,8.7
29-04-2012,10
30-04-2012,10.8
01-05-2012,7.5
02-05-2012,6.3
03-05-2012,11.9
04-05-2012,13.8
05-05-2012,11.8
06-05-2012,11
07-05-2012,10.1
08-05-2012,8.5
09-05-2012,5.5
10-05-2012,7.6
11-05-2012,8.7
12-05-2012,10.8
13-05-2012,11.2
14-05-2012,9.1
15-05-2012,3.7
16-05-2012,4.6
17-05-2012,6.6
18-05-2012,13.2
19-05-2012,15.2
20-05-2012,7.6
21-05-2012,8.4
22-05-2012,6
23-05-2012,8.3
24-05-2012,8.6
25-05-2012,11.1
26-05-2012,12.1
27-05-2012,12.9
28-05-2012,14
29-05-2012,12.5
30-05-2012,11.5
31-05-2012,7
01-06-2012,7.1
02-06-2012,9
03-06-2012,3.1
04-06-2012,2.5
05-06-2012,0
06-06-2012,1.6
07-06-2012,2.6
08-06-2012,5.7
09-06-2012,2.3
10-06-2012,4.5
11-06-2012,8.2
12-06-2012,6.9
13-06-2012,7.3
14-06-2012,6
15-06-2012,7.3
16-06-2012,7.6
17-06-2012,8
18-06-2012,8
19-06-2012,6.8
20-06-2012,7.3
21-06-2012,6.2
22-06-2012,6.9
23-06-2012,8.9
24-06-2012,4
25-06-2012,1.3
26-06-2012,0.8
27-06-2012,4.3
28-06-2012,7.3
29-06-2012,7.7
30-06-2012,9
01-07-2012,4.2
02-07-2012,1.6
03-07-2012,2.6
04-07-2012,3.4
05-07-2012,3.9
06-07-2012,7
07-07-2012,7.8
08-07-2012,5.3
09-07-2012,2.4
10-07-2012,2.8
11-07-2012,4
12-07-2012,7.5
13-07-2012,7.8
14-07-2012,5.6
15-07-2012,3.3
16-07-2012,5
17-07-2012,3.7
18-07-2012,3.9
19-07-2012,5.2
20-07-2012,0.2
21-07-2012,0.8
22-07-2012,0.9
23-07-2012,3.5
24-07-2012,6.6
25-07-2012,9.5
26-07-2012,9
27-07-2012,3.5
28-07-2012,4.5
29-07-2012,5.7
30-07-2012,5.6
31-07-2012,7.1
01-08-2012,9.7
02-08-2012,8.3
03-08-2012,9.1
04-08-2012,2.8
05-08-2012,2.2
06-08-2012,4.5
07-08-2012,3.8
08-08-2012,3.8
09-08-2012,6.2
10-08-2012,11.5
11-08-2012,10.2
12-08-2012,7.9
13-08-2012,9
14-08-2012,9.5
15-08-2012,6
16-08-2012,8.2
17-08-2012,9.2
18-08-2012,4.3
19-08-2012,6.6
20-08-2012,9.4
21-08-2012,13.2
22-08-2012,6.6
23-08-2012,5.1
24-08-2012,12.1
25-08-2012,11.2
26-08-2012,8.5
27-08-2012,4.6
28-08-2012,7
29-08-2012,14.2
30-08-2012,12.7
31-08-2012,7.6
01-09-2012,4
02-09-2012,10
03-09-2012,10.5
04-09-2012,5
05-09-2012,4.5
06-09-2012,8.2
07-09-2012,4.3
08-09-2012,9.8
09-09-2012,5.8
10-09-2012,5
11-09-2012,8.5
12-09-2012,9
13-09-2012,3.6
14-09-2012,6.7
15-09-2012,6.7
16-09-2012,10.1
17-09-2012,15
18-09-2012,8.9
19-09-2012,5.7
20-09-2012,4.2
21-09-2012,4
22-09-2012,5.3
23-09-2012,6.3
24-09-2012,8.5
25-09-2012,11.5
26-09-2012,7.7
27-09-2012,9.2
28-09-2012,7.8
29-09-2012,6.3
30-09-2012,6.3
01-10-2012,8.6
02-10-2012,6.1
03-10-2012,13.2
04-10-2012,9.9
05-10-2012,4.7
06-10-2012,5.8
07-10-2012,14.9
08-10-2012,10.7
09-10-2012,8.6
10-10-2012,9.4
11-10-2012,5.7
12-10-2012,10.9
13-10-2012,13.1
14-10-2012,10.4
15-10-2012,8.2
16-10-2012,9.8
17-10-2012,7.5
18-10-2012,5.8
19-10-2012,9.8
20-10-2012,7.9
21-10-2012,8.7
22-10-2012,10
23-10-2012,10.6
24-10-2012,8
25-10-2012,10.2
26-10-2012,15.1
27-10-2012,13.9
28-10-2012,9.2
29-10-2012,9
30-10-2012,13.2
31-10-2012,7
01-11-2012,10.6
02-11-2012,6.9
03-11-2012,9.5
04-11-2012,12.5
05-11-2012,13.6
06-11-2012,17.7
07-11-2012,16
08-11-2012,11.3
09-11-2012,10.5
10-11-2012,14.4
11-11-2012,10.3
12-11-2012,9
13-11-2012,11.1
14-11-2012,14.5
15-11-2012,18
16-11-2012,12.8
17-11-2012,10.7
18-11-2012,9.1
19-11-2012,8.7
20-11-2012,12.4
21-11-2012,12.6
22-11-2012,10.3
23-11-2012,13.7
24-11-2012,16
25-11-2012,15.8
26-11-2012,12.1
27-11-2012,12.5
28-11-2012,12.2
29-11-2012,13.7
30-11-2012,16.1
01-12-2012,15.5
02-12-2012,10.3
03-12-2012,10.5
04-12-2012,11
05-12-2012,11.9
06-12-2012,13
07-12-2012,12.2
08-12-2012,10.6
09-12-2012,13
10-12-2012,13
11-12-2012,12.2
12-12-2012,12.6
13-12-2012,18.7
14-12-2012,15.2
15-12-2012,15.3
16-12-2012,13.9
17-12-2012,15.8
18-12-2012,13
19-12-2012,13
20-12-2012,13.7
21-12-2012,12
22-12-2012,10.8
23-12-2012,15.6
24-12-2012,15.3
25-12-2012,13.9
26-12-2012,13
27-12-2012,15.3
28-12-2012,16.3
29-12-2012,15.8
30-12-2012,17.7
31-12-2012,16.3
01-01-2013,18.4
02-01-2013,15
03-01-2013,10.9
04-01-2013,11.4
05-01-2013,14.8
06-01-2013,12.1
07-01-2013,12.8
08-01-2013,16.2
09-01-2013,15.5
10-01-2013,13
11-01-2013,10.5
12-01-2013,9.1
13-01-2013,10.5
14-01-2013,11.8
15-01-2013,12.7
16-01-2013,12.7
17-01-2013,11.5
18-01-2013,13.8
19-01-2013,13.3
20-01-2013,11.6
21-01-2013,15.4
22-01-2013,12.4
23-01-2013,16.9
24-01-2013,14.7
25-01-2013,10.6
26-01-2013,15.6
27-01-2013,10.7
28-01-2013,12.6
29-01-2013,13.8
30-01-2013,14.3
31-01-2013,14
01-02-2013,18.1
02-02-2013,17.3
03-02-2013,13
04-02-2013,16
05-02-2013,14.9
06-02-2013,16.2
07-02-2013,20.3
08-02-2013,22.5
09-02-2013,17.2
10-02-2013,15.9
11-02-2013,16.8
12-02-2013,13.8
13-02-2013,12.8
14-02-2013,14
15-02-2013,17.5
16-02-2013,21.5
17-02-2013,16.8
18-02-2013,13.6
19-02-2013,14.5
20-02-2013,14.2
21-02-2013,15.7
22-02-2013,19.7
23-02-2013,17.4
24-02-2013,14.4
25-02-2013,16.9
26-02-2013,19.1
27-02-2013,20.4
28-02-2013,20.1
01-03-2013,19.9
02-03-2013,22
03-03-2013,20.5
04-03-2013,22.1
05-03-2013,20.6
06-03-2013,15
07-03-2013,20.6
08-03-2013,21.5
09-03-2013,16.2
10-03-2013,14.1
11-03-2013,14.5
12-03-2013,21.1
13-03-2013,15.9
14-03-2013,15.2
15-03-2013,13.1
16-03-2013,13.2
17-03-2013,12.5
18-03-2013,15.2
19-03-2013,17.6
20-03-2013,15.5
21-03-2013,16.7
22-03-2013,16.3
23-03-2013,15.1
24-03-2013,12.7
25-03-2013,10
26-03-2013,11.4
27-03-2013,12.6
28-03-2013,10.7
29-03-2013,10
30-03-2013,13.9
31-03-2013,13.4
01-04-2013,12.5
02-04-2013,12.8
03-04-2013,7.8
04-04-2013,11.1
05-04-2013,10.7
06-04-2013,7.1
07-04-2013,6.7
08-04-2013,5.7
09-04-2013,9.1
10-04-2013,15.2
11-04-2013,15.5
12-04-2013,11.1
13-04-2013,11.7
14-04-2013,11.5
15-04-2013,9.8
16-04-2013,6.2
17-04-2013,6.7
18-04-2013,7.5
19-04-2013,8.8
20-04-2013,8
21-04-2013,10.4
22-04-2013,14.5
23-04-2013,16.5
24-04-2013,14.1
25-04-2013,10.5
26-04-2013,12.6
27-04-2013,13
28-04-2013,8.7
29-04-2013,10.1
30-04-2013,12
01-05-2013,12.5
02-05-2013,13.5
03-05-2013,13.7
04-05-2013,13.5
05-05-2013,10.7
06-05-2013,13
07-05-2013,11.6
08-05-2013,13
09-05-2013,11.2
10-05-2013,13.5
11-05-2013,12.9
12-05-2013,6.8
13-05-2013,10
14-05-2013,14.5
15-05-2013,11.7
16-05-2013,6.7
17-05-2013,4.6
18-05-2013,4.9
19-05-2013,7.4
20-05-2013,8.3
21-05-2013,7.5
22-05-2013,6.2
23-05-2013,7.8
24-05-2013,13.2
25-05-2013,11.9
26-05-2013,6.5
27-05-2013,8.3
28-05-2013,12.1
29-05-2013,9.3
30-05-2013,7.5
31-05-2013,9.3
01-06-2013,11
02-06-2013,10.8
03-06-2013,5.3
04-06-2013,7.6
05-06-2013,5.6
06-06-2013,7.2
07-06-2013,9.6
08-06-2013,7
09-06-2013,8.3
10-06-2013,7.8
11-06-2013,4.7
12-06-2013,6.8
13-06-2013,7.2
14-06-2013,8.3
15-06-2013,9.5
16-06-2013,4.7
17-06-2013,3
18-06-2013,1.5
19-06-2013,2.5
20-06-2013,6.2
21-06-2013,11.6
22-06-2013,6.6
23-06-2013,6.6
24-06-2013,8
25-06-2013,7.9
26-06-2013,3.3
27-06-2013,3.9
28-06-2013,6
29-06-2013,4
30-06-2013,5.5
01-07-2013,8.5
02-07-2013,9.8
03-07-2013,9.5
04-07-2013,7.2
05-07-2013,8.1
06-07-2013,8
07-07-2013,8.5
08-07-2013,8.8
09-07-2013,8.3
10-07-2013,2.4
11-07-2013,4.9
12-07-2013,5.9
13-07-2013,6.7
14-07-2013,8.4
15-07-2013,6.5
16-07-2013,7.9
17-07-2013,4.1
18-07-2013,5.4
19-07-2013,7.5
20-07-2013,3.9
21-07-2013,2.5
22-07-2013,5.3
23-07-2013,6.6
24-07-2013,0
25-07-2013,0.7
26-07-2013,7.6
27-07-2013,12.3
28-07-2013,9.2
29-07-2013,9.6
30-07-2013,9.5
31-07-2013,10
01-08-2013,7.7
02-08-2013,8
03-08-2013,8.3
04-08-2013,8.3
05-08-2013,4.5
06-08-2013,6.5
07-08-2013,9.4
08-08-2013,9.4
09-08-2013,10.5
10-08-2013,10.7
11-08-2013,9.9
12-08-2013,7.6
13-08-2013,5.8
14-08-2013,8.5
15-08-2013,13.8
16-08-2013,14.3
17-08-2013,8.3
18-08-2013,5.3
19-08-2013,3
20-08-2013,5.2
21-08-2013,10.3
22-08-2013,11.1
23-08-2013,10.5
24-08-2013,9
25-08-2013,13
26-08-2013,6.4
27-08-2013,8.4
28-08-2013,6.7
29-08-2013,8.3
30-08-2013,11.2
31-08-2013,10
01-09-2013,10.1
02-09-2013,10.6
03-09-2013,10.9
04-09-2013,5.7
05-09-2013,9.5
06-09-2013,10.4
07-09-2013,11.1
08-09-2013,12.2
09-09-2013,10.6
10-09-2013,8.8
11-09-2013,9.2
12-09-2013,5.5
13-09-2013,7.1
14-09-2013,6.5
15-09-2013,4.3
16-09-2013,5
17-09-2013,11.2
18-09-2013,7.5
19-09-2013,12
20-09-2013,13.6
21-09-2013,8.3
22-09-2013,8.5
23-09-2013,12.9
24-09-2013,7.7
25-09-2013,7.6
26-09-2013,3.5
27-09-2013,10.4
28-09-2013,15.4
29-09-2013,10.6
30-09-2013,9.6
01-10-2013,9.3
02-10-2013,13.9
03-10-2013,7.7
04-10-2013,9.5
05-10-2013,7.6
06-10-2013,6.9
07-10-2013,6.8
08-10-2013,5.8
09-10-2013,6
10-10-2013,8.3
11-10-2013,9.1
12-10-2013,12.5
13-10-2013,13.2
14-10-2013,16.2
15-10-2013,12.5
16-10-2013,11.8
17-10-2013,10.6
18-10-2013,10
19-10-2013,12.2
20-10-2013,8.9
21-10-2013,10.3
22-10-2013,7.5
23-10-2013,11.6
24-10-2013,12.6
25-10-2013,12.9
26-10-2013,11.7
27-10-2013,14
28-10-2013,12.3
29-10-2013,9
30-10-2013,9.2
31-10-2013,9.8
01-11-2013,11.8
02-11-2013,10.6
03-11-2013,12.6
04-11-2013,11
05-11-2013,8.2
06-11-2013,7.5
07-11-2013,13.6
08-11-2013,14.8
09-11-2013,10.9
10-11-2013,7.7
11-11-2013,10.2
12-11-2013,10.8
13-11-2013,10.8
14-11-2013,12.5
15-11-2013,13.2
16-11-2013,8.7
17-11-2013,5.7
18-11-2013,9.8
19-11-2013,7.3
20-11-2013,10.8
21-11-2013,10
22-11-2013,16.2
23-11-2013,15
24-11-2013,14.5
25-11-2013,15.9
26-11-2013,14.9
27-11-2013,14.2
28-11-2013,15.8
29-11-2013,17.2
30-11-2013,17.6
01-12-2013,12.1
02-12-2013,11.4
03-12-2013,13
04-12-2013,13.2
05-12-2013,12
06-12-2013,15.3
07-12-2013,12.7
08-12-2013,12.1
09-12-2013,13.8
10-12-2013,10.9
11-12-2013,12
12-12-2013,16.5
13-12-2013,15
14-12-2013,11.2
15-12-2013,13.9
16-12-2013,15
17-12-2013,14.8
18-12-2013,15
19-12-2013,13.3
20-12-2013,20.4
21-12-2013,18
22-12-2013,12.2
23-12-2013,16.7
24-12-2013,13.8
25-12-2013,17.5
26-12-2013,15
27-12-2013,13.9
28-12-2013,11.1
29-12-2013,16.1
30-12-2013,20.4
31-12-2013,18
01-01-2014,19.5
02-01-2014,17.1
03-01-2014,17.1
04-01-2014,12
05-01-2014,11
06-01-2014,16.3
07-01-2014,16.1
08-01-2014,13
09-01-2014,13.4
10-01-2014,15.2
11-01-2014,12.5
12-01-2014,14.3
13-01-2014,16.5
14-01-2014,18.6
15-01-2014,18
16-01-2014,18.2
17-01-2014,11.4
18-01-2014,11.9
19-01-2014,12.2
20-01-2014,14.8
21-01-2014,13.1
22-01-2014,12.7
23-01-2014,10.5
24-01-2014,13.8
25-01-2014,18.8
26-01-2014,13.9
27-01-2014,11.2
28-01-2014,10.6
29-01-2014,14.7
30-01-2014,13.1
31-01-2014,12.1
01-02-2014,14.7
02-02-2014,11.1
03-02-2014,13
04-02-2014,15.6
05-02-2014,14.2
06-02-2014,15.5
07-02-2014,18
08-02-2014,15
09-02-2014,15.9
10-02-2014,15.5
11-02-2014,15.8
12-02-2014,16.6
13-02-2014,13.6
14-02-2014,13.8
15-02-2014,14.6
16-02-2014,15.6
17-02-2014,16.6
18-02-2014,14.3
19-02-2014,16.3
20-02-2014,18.9
21-02-2014,18.7
22-02-2014,14.5
23-02-2014,16.5
24-02-2014,14.1
25-02-2014,13.5
26-02-2014,11.7
27-02-2014,15.1
28-02-2014,11.2
29-02-2014,13.5
01-03-2014,12.6
02-03-2014,8.8
03-03-2014,10.5
04-03-2014,12.1
05-03-2014,14.5
06-03-2014,19.5
07-03-2014,14
08-03-2014,13.8
09-03-2014,10.5
10-03-2014,13.8
11-03-2014,11.4
12-03-2014,15.6
13-03-2014,11.1
14-03-2014,12.1
15-03-2014,14.2
16-03-2014,10.9
17-03-2014,14.2
18-03-2014,13.8
19-03-2014,15.1
20-03-2014,14
21-03-2014,12.1
22-03-2014,13.8
23-03-2014,16.6
24-03-2014,17.8
25-03-2014,9.4
26-03-2014,10.2
27-03-2014,7.4
28-03-2014,8.7
29-03-2014,14
30-03-2014,15.3
31-03-2014,11.1
01-04-2014,9.7
02-04-2014,10.3
03-04-2014,9.2
04-04-2014,8.2
05-04-2014,9.7
06-04-2014,12.4
07-04-2014,12.5
08-04-2014,9
09-04-2014,9.7
10-04-2014,10.1
11-04-2014,11.2
12-04-2014,12
13-04-2014,11.1
14-04-2014,10.8
15-04-2014,12.8
16-04-2014,9.8
17-04-2014,13.7
18-04-2014,11
19-04-2014,13.2
20-04-2014,13
21-04-2014,10.2
22-04-2014,13.2
23-04-2014,9.3
24-04-2014,11.1
25-04-2014,10.3
26-04-2014,8.7
27-04-2014,11.7
28-04-2014,12.5
29-04-2014,6.5
30-04-2014,9.6
01-05-2014,13.8
02-05-2014,14.7
03-05-2014,9.1
04-05-2014,4.8
05-05-2014,3.3
06-05-2014,3.5
07-05-2014,5.7
08-05-2014,5.5
09-05-2014,7
10-05-2014,9.5
11-05-2014,9.9
12-05-2014,4.9
13-05-2014,6.3
14-05-2014,4.8
15-05-2014,6.2
16-05-2014,7.1
17-05-2014,7.5
18-05-2014,9.4
19-05-2014,8.7
20-05-2014,9.5
21-05-2014,12.1
22-05-2014,9.5
23-05-2014,9.3
24-05-2014,8.5
25-05-2014,8
26-05-2014,9.8
27-05-2014,6.2
28-05-2014,7.3
29-05-2014,10.9
30-05-2014,10
31-05-2014,8.7
01-06-2014,9
02-06-2014,10.8
03-06-2014,12.4
04-06-2014,7.2
05-06-2014,7.2
06-06-2014,11.1
07-06-2014,9.3
08-06-2014,10.1
09-06-2014,3.9
10-06-2014,5
11-06-2014,8.2
12-06-2014,2.8
13-06-2014,4.3
14-06-2014,8.1
15-06-2014,11.1
16-06-2014,4.7
17-06-2014,5.3
18-06-2014,10
19-06-2014,5.6
20-06-2014,2.2
21-06-2014,7.1
22-06-2014,8.3
23-06-2014,8.6
24-06-2014,10.1
25-06-2014,8.3
26-06-2014,7.2
27-06-2014,7.7
28-06-2014,7.8
29-06-2014,9.1
30-06-2014,9.4
01-07-2014,7.8
02-07-2014,2.6
03-07-2014,2.4
04-07-2014,3.9
05-07-2014,1.3
06-07-2014,2.1
07-07-2014,7.4
08-07-2014,7.2
09-07-2014,8.8
10-07-2014,8.9
11-07-2014,8.8
12-07-2014,8
13-07-2014,0.7
14-07-2014,0.1
15-07-2014,0.9
16-07-2014,7.8
17-07-2014,7.2
18-07-2014,8
19-07-2014,4.6
20-07-2014,5.2
21-07-2014,5.8
22-07-2014,6.8
23-07-2014,8.1
24-07-2014,7.5
25-07-2014,5.4
26-07-2014,4.6
27-07-2014,6.4
28-07-2014,9.7
29-07-2014,7
30-07-2014,10
31-07-2014,10.6
01-08-2014,11.5
02-08-2014,10.2
03-08-2014,11.1
04-08-2014,11
05-08-2014,8.9
06-08-2014,9.9
07-08-2014,11.7
08-08-2014,11.6
09-08-2014,9
10-08-2014,6.3
11-08-2014,8.7
12-08-2014,8.5
13-08-2014,8.5
14-08-2014,8
15-08-2014,6
16-08-2014,8
17-08-2014,8.5
18-08-2014,7.7
19-08-2014,8.4
20-08-2014,9
21-08-2014,8.3
22-08-2014,6.8
23-08-2014,9.3
24-08-2014,6.7
25-08-2014,9
26-08-2014,7.3
27-08-2014,6.3
28-08-2014,7.9
29-08-2014,5.2
30-08-2014,9
31-08-2014,11.3
01-09-2014,9.2
02-09-2014,11.3
03-09-2014,7
04-09-2014,8
05-09-2014,4.6
06-09-2014,8.5
07-09-2014,9.5
08-09-2014,9.4
09-09-2014,10.5
10-09-2014,9.7
11-09-2014,4.9
12-09-2014,8
13-09-2014,5.8
14-09-2014,5.5
15-09-2014,10.9
16-09-2014,11.7
17-09-2014,9.2
18-09-2014,8.9
19-09-2014,11.3
20-09-2014,8.6
21-09-2014,6.2
22-09-2014,6.6
23-09-2014,9.1
24-09-2014,6.1
25-09-2014,7.5
26-09-2014,10.7
27-09-2014,6.3
28-09-2014,5.5
29-09-2014,6.7
30-09-2014,4.2
01-10-2014,11.3
02-10-2014,16.3
03-10-2014,10.5
04-10-2014,10.3
05-10-2014,7.9
06-10-2014,7.7
07-10-2014,16
08-10-2014,14.6
09-10-2014,12.5
10-10-2014,8.1
11-10-2014,12.2
12-10-2014,17.2
13-10-2014,9.4
14-10-2014,8.7
15-10-2014,5.9
16-10-2014,4.8
17-10-2014,7.4
18-10-2014,9.4
19-10-2014,9.7
20-10-2014,9.9
21-10-2014,6.5
22-10-2014,9.8
23-10-2014,18.2
24-10-2014,11.3
25-10-2014,9.1
26-10-2014,9.6
27-10-2014,13.5
28-10-2014,10.7
29-10-2014,10
30-10-2014,8.5
31-10-2014,12.6
01-11-2014,16.6
02-11-2014,11.6
03-11-2014,12.2
04-11-2014,11.2
05-11-2014,9.2
06-11-2014,9.9
07-11-2014,11.9
08-11-2014,15.6
09-11-2014,19
10-11-2014,12.8
11-11-2014,12.2
12-11-2014,12
13-11-2014,11.1
14-11-2014,11.8
15-11-2014,7.6
16-11-2014,13
17-11-2014,12.7
18-11-2014,16
19-11-2014,14.8
20-11-2014,14.2
21-11-2014,10
22-11-2014,8.8
23-11-2014,11.6
24-11-2014,8.6
25-11-2014,14.6
26-11-2014,24.3
27-11-2014,11.6
28-11-2014,10.8
29-11-2014,12
30-11-2014,11
01-12-2014,12.6
02-12-2014,10.8
03-12-2014,9.1
04-12-2014,11
05-12-2014,13
06-12-2014,12.8
07-12-2014,9.9
08-12-2014,11.6
09-12-2014,10.5
10-12-2014,15.9
11-12-2014,12.2
12-12-2014,13
13-12-2014,12.5
14-12-2014,12.5
15-12-2014,11.4
16-12-2014,12.1
17-12-2014,16.8
18-12-2014,12.1
19-12-2014,11.3
20-12-2014,10.4
21-12-2014,14.2
22-12-2014,11.4
23-12-2014,13.7
24-12-2014,16.5
25-12-2014,12.8
26-12-2014,12.2
27-12-2014,12
28-12-2014,12.6
29-12-2014,16
30-12-2014,16.4
01-01-2015,13.3
02-01-2015,15.2
03-01-2015,13.1
04-01-2015,12.7
05-01-2015,14.6
06-01-2015,11
07-01-2015,13.2
08-01-2015,12.2
09-01-2015,14.4
10-01-2015,13.7
11-01-2015,14.5
12-01-2015,14.1
13-01-2015,14.4
14-01-2015,19.7
15-01-2015,16.5
16-01-2015,15.9
17-01-2015,11.8
18-01-2015,12
19-01-2015,11.4
20-01-2015,14.4
21-01-2015,12.4
22-01-2015,15.1
23-01-2015,15.6
24-01-2015,15.2
25-01-2015,12.8
26-01-2015,13.3
27-01-2015,17.5
28-01-2015,15.4
29-01-2015,13.5
30-01-2015,16.7
31-01-2015,15.2
01-02-2015,14.9
02-02-2015,10.2
03-02-2015,13.6
04-02-2015,19
05-02-2015,15.7
06-02-2015,18
07-02-2015,14.8
08-02-2015,13.9
09-02-2015,13
10-02-2015,15.3
11-02-2015,14.3
12-02-2015,15.6
13-02-2015,16
14-02-2015,14.9
15-02-2015,11.1
16-02-2015,14.8
17-02-2015,13
18-02-2015,12.2
19-02-2015,10.9
20-02-2015,14.6
21-02-2015,16.6
22-02-2015,18.1
23-02-2015,13.4
24-02-2015,10.3
25-02-2015,13.6
26-02-2015,13.8
27-02-2015,10.3
28-02-2015,11
01-03-2015,14.3
02-03-2015,15.5
03-03-2015,14.7
04-03-2015,12.7
05-03-2015,10.7
06-03-2015,12.6
07-03-2015,9.8
08-03-2015,13.2
09-03-2015,15.2
10-03-2015,16.6
11-03-2015,21
12-03-2015,22.4
13-03-2015,17
14-03-2015,21.7
15-03-2015,21.4
16-03-2015,18.6
17-03-2015,16.2
18-03-2015,16.8
19-03-2015,17
20-03-2015,18.4
21-03-2015,17.2
22-03-2015,18.4
23-03-2015,18.8
24-03-2015,16.5
25-03-2015,13.3
26-03-2015,12.2
27-03-2015,11.3
28-03-2015,13.8
29-03-2015,16.6
30-03-2015,14
31-03-2015,14.3
01-04-2015,16.4
02-04-2015,11.9
03-04-2015,15.7
04-04-2015,17.6
05-04-2015,17.5
06-04-2015,15.9
07-04-2015,16.2
08-04-2015,16
09-04-2015,15.9
10-04-2015,16.2
11-04-2015,16.2
12-04-2015,19.5
13-04-2015,18.2
14-04-2015,21.8
15-04-2015,15.1
16-04-2015,11
17-04-2015,8.1
18-04-2015,9.5
19-04-2015,9.3
20-04-2015,10.6
21-04-2015,6.3
22-04-2015,8.6
23-04-2015,6.8
24-04-2015,8.7
25-04-2015,8.4
26-04-2015,9.3
27-04-2015,10
28-04-2015,10.5
29-04-2015,12
30-04-2015,10.1
01-05-2015,9.4
02-05-2015,10.1
03-05-2015,8
04-05-2015,10.6
05-05-2015,13.6
06-05-2015,15.4
07-05-2015,9
08-05-2015,10.4
09-05-2015,11
10-05-2015,12.1
11-05-2015,13.4
12-05-2015,11.3
13-05-2015,6.7
14-05-2015,9.8
15-05-2015,10.8
16-05-2015,7.8
17-05-2015,4.5
18-05-2015,7.6
19-05-2015,6.9
20-05-2015,7.5
21-05-2015,8.5
22-05-2015,5.5
23-05-2015,9.5
24-05-2015,7.3
25-05-2015,5.4
26-05-2015,5.5
27-05-2015,8.1
28-05-2015,11.2
29-05-2015,13.4
30-05-2015,11.6
31-05-2015,10.1
01-06-2015,4.3
02-06-2015,5.5
03-06-2015,4.4
04-06-2015,5.9
05-06-2015,5.7
06-06-2015,8.2
07-06-2015,8.2
08-06-2015,4.2
09-06-2015,6.5
10-06-2015,10
11-06-2015,8.8
12-06-2015,6.6
13-06-2015,7.8
14-06-2015,10.1
15-06-2015,7.1
16-06-2015,7.7
17-06-2015,8.5
18-06-2015,7.3
19-06-2015,6.9
20-06-2015,8.4
21-06-2015,7.1
22-06-2015,6.3
23-06-2015,0.6
24-06-2015,1.6
25-06-2015,7
26-06-2015,8.3
27-06-2015,8
28-06-2015,10.2
29-06-2015,10.6
30-06-2015,10.4
01-07-2015,11.6
02-07-2015,11
03-07-2015,10.7
04-07-2015,7.3
05-07-2015,4.2
06-07-2015,4.7
07-07-2015,5.6
08-07-2015,7.7
09-07-2015,7.5
10-07-2015,4.9
11-07-2015,5.9
12-07-2015,7.8
13-07-2015,5.8
14-07-2015,7
15-07-2015,8.4
16-07-2015,6.2
17-07-2015,7.5
18-07-2015,4.8
19-07-2015,3.3
20-07-2015,3.2
21-07-2015,7
22-07-2015,8.4
23-07-2015,0.3
24-07-2015,0.3
25-07-2015,2.1
26-07-2015,8.5
27-07-2015,1.4
28-07-2015,4.1
29-07-2015,10.3
30-07-2015,6.6
31-07-2015,6.1
01-08-2015,7
02-08-2015,5.1
03-08-2015,6.3
04-08-2015,6.9
05-08-2015,11.4
06-08-2015,10.4
07-08-2015,10.3
08-08-2015,9.2
09-08-2015,7.2
10-08-2015,7.5
11-08-2015,4
12-08-2015,5.6
13-08-2015,6.7
14-08-2015,8.4
15-08-2015,11
16-08-2015,8.4
17-08-2015,8.8
18-08-2015,8.6
19-08-2015,8.3
20-08-2015,4
21-08-2015,3.6
22-08-2015,5.7
23-08-2015,10.6
24-08-2015,6.9
25-08-2015,10
26-08-2015,9.8
27-08-2015,7.2
28-08-2015,10.5
29-08-2015,3.6
30-08-2015,5.3
31-08-2015,8.4
01-09-2015,10.3
02-09-2015,7.9
03-09-2015,8.5
04-09-2015,7.9
05-09-2015,8
06-09-2015,9.8
07-09-2015,6.7
08-09-2015,4.8
09-09-2015,9.9
10-09-2015,12.8
11-09-2015,10.9
12-09-2015,11.7
13-09-2015,11.7
14-09-2015,11
15-09-2015,8.2
16-09-2015,7.5
17-09-2015,5.4
18-09-2015,7.2
19-09-2015,9.7
20-09-2015,8.4
21-09-2015,9
22-09-2015,8.7
23-09-2015,6.6
24-09-2015,11.6
25-09-2015,13.1
26-09-2015,6.7
27-09-2015,6.5
28-09-2015,7.7
29-09-2015,8.7
30-09-2015,7.2
01-10-2015,10.5
02-10-2015,8.6
03-10-2015,7.2
04-10-2015,11.4
05-10-2015,16.2
06-10-2015,6.1
07-10-2015,9.6
08-10-2015,11.1
09-10-2015,13.6
10-10-2015,10.7
11-10-2015,14.7
12-10-2015,11.6
13-10-2015,7.3
14-10-2015,8
15-10-2015,9.6
16-10-2015,16
17-10-2015,15.1
18-10-2015,12.8
19-10-2015,6.2
20-10-2015,7.1
21-10-2015,8.4
22-10-2015,10
23-10-2015,12.7
24-10-2015,10
25-10-2015,10.2
26-10-2015,6.5
27-10-2015,9.2
28-10-2015,11.9
29-10-2015,14.7
30-10-2015,11.4
31-10-2015,6.8
01-11-2015,7.4
02-11-2015,11.2
03-11-2015,9.2
04-11-2015,12.6
05-11-2015,16
06-11-2015,17.1
07-11-2015,15.3
08-11-2015,13.3
09-11-2015,15.4
10-11-2015,13.2
11-11-2015,14.4
12-11-2015,14
13-11-2015,15.5
14-11-2015,21
15-11-2015,10
16-11-2015,9.6
17-11-2015,12
18-11-2015,12.2
19-11-2015,11.3
20-11-2015,13.2
21-11-2015,10.5
22-11-2015,10.1
23-11-2015,8.8
24-11-2015,13.7
25-11-2015,16.2
26-11-2015,16
27-11-2015,14
28-11-2015,13.7
29-11-2015,12.5
30-11-2015,12.8
01-12-2015,12.3
02-12-2015,15.2
03-12-2015,15
04-12-2015,16.4
05-12-2015,16.1
06-12-2015,14.6
07-12-2015,18.2
08-12-2015,16.4
09-12-2015,16.6
10-12-2015,14.7
11-12-2015,15.8
12-12-2015,14.1
13-12-2015,13.5
14-12-2015,13.6
15-12-2015,13.7
16-12-2015,13.6
17-12-2015,12.1
18-12-2015,12.7
19-12-2015,13.3
20-12-2015,14.2
21-12-2015,15
22-12-2015,13.7
23-12-2015,12
24-12-2015,13.1
25-12-2015,13.2
26-12-2015,13.3
27-12-2015,11.5
28-12-2015,10.8
29-12-2015,12
30-12-2015,16.3
31-12-2015,14.4
01-01-2016,12.9
02-01-2016,13.8
03-01-2016,10.6
04-01-2016,12.6
05-01-2016,13.7
06-01-2016,12.6
07-01-2016,13.1
08-01-2016,15.4
09-01-2016,11.9
10-01-2016,13.8
11-01-2016,14.4
12-01-2016,15.2
13-01-2016,12.5
14-01-2016,12.2
15-01-2016,16.1
16-01-2016,14.6
17-01-2016,11.6
18-01-2016,13.1
19-01-2016,12.8
20-01-2016,15.2
21-01-2016,13.8
22-01-2016,15
23-01-2016,13.5
24-01-2016,11.8
25-01-2016,15.3
26-01-2016,13.5
27-01-2016,15.3
28-01-2016,13.8
29-01-2016,15.8
30-01-2016,17.4
31-01-2016,15.3
01-02-2016,14.6
02-02-2016,14.8
03-02-2016,10.7
04-02-2016,11.6
05-02-2016,13.6
06-02-2016,14.4
07-02-2016,11.8
08-02-2016,15.8
09-02-2016,16
10-02-2016,11.8
11-02-2016,14.5
12-02-2016,10.7
13-02-2016,14.2
14-02-2016,19.5
15-02-2016,21.4
16-02-2016,17.9
17-02-2016,17.4
18-02-2016,12.7
19-02-2016,13.8
20-02-2016,14
21-02-2016,15
22-02-2016,14.5
23-02-2016,13.1
24-02-2016,11.4
25-02-2016,12.5
26-02-2016,12
27-02-2016,13.4
28-02-2016,14.4
01-03-2016,17.7
02-03-2016,13.9
03-03-2016,13.3
04-03-2016,14.6
05-03-2016,16.4
06-03-2016,16.8
07-03-2016,20
08-03-2016,12.5
09-03-2016,12.7
10-03-2016,11.7
11-03-2016,12.7
12-03-2016,8.6
13-03-2016,11.9
14-03-2016,16
15-03-2016,15.2
16-03-2016,13.4
17-03-2016,11.6
18-03-2016,11.1
19-03-2016,15.6
20-03-2016,17
21-03-2016,18.5
22-03-2016,17.4
23-03-2016,16.5
24-03-2016,16.2
25-03-2016,16.1
26-03-2016,13.2
27-03-2016,18
28-03-2016,12.8
29-03-2016,11.7
30-03-2016,16.7
31-03-2016,15.6
01-04-2016,10.2
02-04-2016,10.3
03-04-2016,15
04-04-2016,18
05-04-2016,13.8
06-04-2016,10.5
07-04-2016,11.8
08-04-2016,7.2
09-04-2016,11.6
10-04-2016,7.4
11-04-2016,14.2
12-04-2016,12.2
13-04-2016,9
14-04-2016,12.3
15-04-2016,19.7
16-04-2016,12.8
17-04-2016,12.4
18-04-2016,12
19-04-2016,12
20-04-2016,11.1
21-04-2016,12.7
22-04-2016,14.2
23-04-2016,11.6
24-04-2016,12
25-04-2016,11.5
26-04-2016,8.3
27-04-2016,10.5
28-04-2016,9
29-04-2016,6.9
30-04-2016,9.4
01-05-2016,11.1
02-05-2016,9.1
03-05-2016,7.7
04-05-2016,10
05-05-2016,10.4
06-05-2016,8
07-05-2016,9.8
08-05-2016,12.4
09-05-2016,12.9
10-05-2016,12.3
11-05-2016,6.9
12-05-2016,10.5
13-05-2016,11
14-05-2016,9.7
15-05-2016,11.1
16-05-2016,11.5
17-05-2016,13.4
18-05-2016,10.9
19-05-2016,12
20-05-2016,12.1
21-05-2016,10.4
22-05-2016,10
23-05-2016,9.6
24-05-2016,11.3
25-05-2016,8.5
26-05-2016,6.3
27-05-2016,8.2
28-05-2016,10.7
29-05-2016,10.3
30-05-2016,9.5
31-05-2016,10.9
01-06-2016,10.9
02-06-2016,4.3
03-06-2016,5.2
04-06-2016,11
05-06-2016,11.6
06-06-2016,10.6
07-06-2016,9.4
08-06-2016,10
09-06-2016,9.6
10-06-2016,9.5
11-06-2016,9.7
12-06-2016,9.6
13-06-2016,7
14-06-2016,7
15-06-2016,6.8
16-06-2016,6.9
17-06-2016,8
18-06-2016,7.6
19-06-2016,8.6
20-06-2016,5.7
21-06-2016,5.5
22-06-2016,5.7
23-06-2016,5.7
24-06-2016,6.6
25-06-2016,6
26-06-2016,6.9
27-06-2016,7.7
28-06-2016,8
29-06-2016,3.9
30-06-2016,0.8
01-07-2016,2.8
02-07-2016,8
03-07-2016,9.8
04-07-2016,11.4
05-07-2016,8.6
06-07-2016,5.2
07-07-2016,6.6
08-07-2016,5.7
09-07-2016,4.6
10-07-2016,5.8
11-07-2016,7
12-07-2016,4.8
13-07-2016,4.4
14-07-2016,4.4
15-07-2016,7.9
16-07-2016,10.6
17-07-2016,5
18-07-2016,7.6
19-07-2016,9.2
20-07-2016,9.7
21-07-2016,8.8
22-07-2016,6.8
23-07-2016,9.4
24-07-2016,11
25-07-2016,2.5
26-07-2016,2.1
27-07-2016,5.4
28-07-2016,6.2
29-07-2016,7.8
30-07-2016,7.4
31-07-2016,9.3
01-08-2016,9.3
02-08-2016,9.5
03-08-2016,8.5
04-08-2016,10
05-08-2016,7.7
06-08-2016,9.3
07-08-2016,9.1
08-08-2016,3.5
09-08-2016,3.6
10-08-2016,2.5
11-08-2016,1.7
12-08-2016,2.7
13-08-2016,2.9
14-08-2016,5.3
15-08-2016,7.7
16-08-2016,9.1
17-08-2016,9.4
18-08-2016,7.3
19-08-2016,8.4
20-08-2016,9.2
21-08-2016,6.6
22-08-2016,9.7
23-08-2016,12.4
24-08-2016,10.2
25-08-2016,5.9
26-08-2016,7.1
27-08-2016,7.5
28-08-2016,9.7
29-08-2016,12.2
30-08-2016,5.6
31-08-2016,5.4
01-09-2016,8.3
02-09-2016,10.6
03-09-2016,9.1
04-09-2016,11.3
05-09-2016,10.9
06-09-2016,8.9
07-09-2016,6.3
08-09-2016,9
09-09-2016,6.1
10-09-2016,9.1
11-09-2016,9.6
12-09-2016,6
13-09-2016,10
14-09-2016,11
15-09-2016,6.2
16-09-2016,8.3
17-09-2016,11.3
18-09-2016,11.3
19-09-2016,6.7
20-09-2016,6.6
21-09-2016,11.4
22-09-2016,6.9
23-09-2016,10.6
24-09-2016,8.6
25-09-2016,11.3
26-09-2016,12.5
27-09-2016,9.9
28-09-2016,6.9
29-09-2016,5.5
30-09-2016,7.8
01-10-2016,11
02-10-2016,16.2
03-10-2016,9.9
04-10-2016,8.7
05-10-2016,10.5
06-10-2016,12.2
07-10-2016,10.6
08-10-2016,8.3
09-10-2016,5.5
10-10-2016,9
11-10-2016,6.4
12-10-2016,7.2
13-10-2016,12.9
14-10-2016,12
15-10-2016,7.3
16-10-2016,9.7
17-10-2016,8.4
18-10-2016,14.7
19-10-2016,9.5
20-10-2016,7.9
21-10-2016,6.8
22-10-2016,12.6
23-10-2016,5.2
24-10-2016,7.5
25-10-2016,8.7
26-10-2016,7.6
27-10-2016,9
28-10-2016,7.2
29-10-2016,10.7
30-10-2016,13.1
31-10-2016,13.9
01-11-2016,10.8
02-11-2016,10.4
03-11-2016,9.1
04-11-2016,16
05-11-2016,21
06-11-2016,16.2
07-11-2016,8.6
08-11-2016,9.2
09-11-2016,12.5
10-11-2016,9.7
11-11-2016,12.5
12-11-2016,10.3
13-11-2016,12
14-11-2016,11
15-11-2016,14.8
16-11-2016,15
17-11-2016,15.3
18-11-2016,10.3
19-11-2016,10.7
20-11-2016,10.5
21-11-2016,8.9
22-11-2016,8.1
23-11-2016,11.5
24-11-2016,12.8
25-11-2016,9.1
26-11-2016,14.6
27-11-2016,11.6
28-11-2016,11.2
29-11-2016,12.6
30-11-2016,7.5
01-12-2016,11
02-12-2016,14.5
03-12-2016,18.5
04-12-2016,15.4
05-12-2016,13.1
06-12-2016,16.3
07-12-2016,20.2
08-12-2016,11.5
09-12-2016,12.4
10-12-2016,10.9
11-12-2016,12.7
12-12-2016,12.2
13-12-2016,12.4
14-12-2016,9.8
15-12-2016,8.5
16-12-2016,14.7
17-12-2016,12
18-12-2016,10.3
19-12-2016,11
20-12-2016,10.2
21-12-2016,12.6
22-12-2016,11.6
23-12-2016,9.7
24-12-2016,13.4
25-12-2016,10.5
26-12-2016,14.7
27-12-2016,14.6
28-12-2016,14.2
29-12-2016,13.2
30-12-2016,11.7
31-12-2016,17.2
01-01-2017,12.3
02-01-2017,13.8
03-01-2017,15.3
04-01-2017,15.6
05-01-2017,16.2
06-01-2017,16.3
07-01-2017,16.8
08-01-2017,11
09-01-2017,8.5
10-01-2017,13.2
11-01-2017,13
12-01-2017,12.4
13-01-2017,13
14-01-2017,16.6
15-01-2017,12
16-01-2017,12.4
17-01-2017,15
18-01-2017,11.8
19-01-2017,11.6
20-01-2017,12.2
21-01-2017,13.7
22-01-2017,11.2
23-01-2017,12.4
24-01-2017,11.5
25-01-2017,13.8
26-01-2017,15.7
27-01-2017,12.9
28-01-2017,11.5
29-01-2017,11
30-01-2017,12.7
31-01-2017,14.9
01-02-2017,16.5
02-02-2017,12.8
03-02-2017,12.7
04-02-2017,12.7
05-02-2017,11.6
06-02-2017,13.3
07-02-2017,15.2
08-02-2017,16.4
09-02-2017,11.9
10-02-2017,15.1
11-02-2017,10.6
12-02-2017,13.6
13-02-2017,12.1
14-02-2017,16
15-02-2017,16.8
16-02-2017,16.6
17-02-2017,15.6
18-02-2017,15.2
19-02-2017,17.7
20-02-2017,21
21-02-2017,13.4
22-02-2017,10.5
23-02-2017,9.5
24-02-2017,12
25-02-2017,10.4
26-02-2017,11.5
27-02-2017,13.2
28-02-2017,15
01-03-2017,14.1
02-03-2017,12.4
03-03-2017,13.4
04-03-2017,12.5
05-03-2017,14.3
06-03-2017,17.6
07-03-2017,10.4
08-03-2017,9.9
09-03-2017,10.2
10-03-2017,11.3
11-03-2017,9.5
12-03-2017,11.8
13-03-2017,11.5
14-03-2017,10.5
15-03-2017,10.8
16-03-2017,13
17-03-2017,18.5
18-03-2017,18.7
19-03-2017,15
20-03-2017,13
21-03-2017,11.3
22-03-2017,13
23-03-2017,13.3
24-03-2017,11
25-03-2017,10.3
26-03-2017,13
27-03-2017,12.3
28-03-2017,15.6
29-03-2017,10.2
30-03-2017,10.8
31-03-2017,12
01-04-2017,13.3
02-04-2017,11.7
03-04-2017,12.5
04-04-2017,13.7
05-04-2017,14.9
06-04-2017,20.2
07-04-2017,16.3
08-04-2017,13.9
09-04-2017,10.1
10-04-2017,7.3
11-04-2017,14
12-04-2017,17.7
13-04-2017,16.3
14-04-2017,10.6
15-04-2017,9.7
16-04-2017,7.8
17-04-2017,10.4
18-04-2017,10.4
19-04-2017,14.1
20-04-2017,7.1
21-04-2017,8.1
22-04-2017,7.8
23-04-2017,10.6
24-04-2017,9.1
25-04-2017,9
26-04-2017,11.9
27-04-2017,17.1
28-04-2017,16.8
29-04-2017,13.5
30-04-2017,11.6
01-05-2017,7
02-05-2017,9.7
03-05-2017,9.9
04-05-2017,11.2
05-05-2017,11.3
06-05-2017,11.8
07-05-2017,9.9
08-05-2017,7.1
09-05-2017,9.6
10-05-2017,9.8
11-05-2017,10.6
12-05-2017,12.8
13-05-2017,16.5
14-05-2017,11.7
15-05-2017,12.3
16-05-2017,12.2
17-05-2017,11.8
18-05-2017,10.7
19-05-2017,10.2
20-05-2017,10
21-05-2017,8.3
22-05-2017,6.6
23-05-2017,9.5
24-05-2017,12.3
25-05-2017,7.6
26-05-2017,9.3
27-05-2017,5
28-05-2017,4.3
29-05-2017,6.4
30-05-2017,10.8
31-05-2017,7.8
01-06-2017,8.5
02-06-2017,9.7
03-06-2017,10
04-06-2017,11
05-06-2017,10.2
06-06-2017,6.6
07-06-2017,6.1
08-06-2017,5.9
09-06-2017,8.9
10-06-2017,13
11-06-2017,12.6
12-06-2017,5.4
13-06-2017,6
14-06-2017,7.8
15-06-2017,9
16-06-2017,4.2
17-06-2017,3
18-06-2017,4.5
19-06-2017,6.2
20-06-2017,11.9
21-06-2017,11.8
22-06-2017,9.4
23-06-2017,9.6
24-06-2017,9.4
25-06-2017,7
26-06-2017,8.9
27-06-2017,9.3
28-06-2017,6.8
29-06-2017,7.5
30-06-2017,8
01-07-2017,8.3
02-07-2017,2.7
03-07-2017,3.9
04-07-2017,4.1
05-07-2017,5
06-07-2017,5.8
07-07-2017,4.4
08-07-2017,4.1
09-07-2017,5.8
10-07-2017,9.1
11-07-2017,7.9
12-07-2017,5
13-07-2017,2.8
14-07-2017,4.7
15-07-2017,8.9
16-07-2017,5.4
17-07-2017,7.1
18-07-2017,9
19-07-2017,9.4
20-07-2017,6.3
21-07-2017,7
22-07-2017,6.4
23-07-2017,6.7
24-07-2017,1.5
25-07-2017,2.9
26-07-2017,4.8
27-07-2017,6.3
28-07-2017,5.7
29-07-2017,7
30-07-2017,8.8
31-07-2017,8.7
01-08-2017,9
02-08-2017,9.6
03-08-2017,8
04-08-2017,8.4
05-08-2017,8.1
06-08-2017,9
07-08-2017,5.3
08-08-2017,8.9
09-08-2017,8.7
10-08-2017,4.9
11-08-2017,7
12-08-2017,7.5
13-08-2017,7
14-08-2017,9.1
15-08-2017,11.8
16-08-2017,9.9
17-08-2017,5.6
18-08-2017,4.2
19-08-2017,4.3
20-08-2017,8
21-08-2017,5.1
22-08-2017,9.4
23-08-2017,9.1
24-08-2017,9.7
25-08-2017,10.6
26-08-2017,8.6
27-08-2017,10.1
28-08-2017,11
29-08-2017,9.7
30-08-2017,5
31-08-2017,6.1
01-09-2017,5.4
02-09-2017,5.8
03-09-2017,7.3
04-09-2017,6.3
05-09-2017,4.8
06-09-2017,7.6
07-09-2017,8.1
08-09-2017,9.5
09-09-2017,10.3
10-09-2017,7
11-09-2017,9
12-09-2017,10.2
13-09-2017,6.8
14-09-2017,9.3
15-09-2017,9.8
16-09-2017,10.7
17-09-2017,7.8
18-09-2017,9.2
19-09-2017,15
20-09-2017,7.8
21-09-2017,5.3
22-09-2017,9.5
23-09-2017,7.6
24-09-2017,14
25-09-2017,14.9
26-09-2017,14.9
27-09-2017,19.2
28-09-2017,17
29-09-2017,13
30-09-2017,11.2
01-10-2017,9.5
02-10-2017,10.3
03-10-2017,9.3
04-10-2017,11.3
05-10-2017,6.5
06-10-2017,12
07-10-2017,8.3
08-10-2017,8.7
09-10-2017,8.7
10-10-2017,10.2
11-10-2017,6.9
12-10-2017,4.9
13-10-2017,10
14-10-2017,7.6
15-10-2017,14.5
16-10-2017,13.2
17-10-2017,9.9
18-10-2017,10.1
19-10-2017,11.3
20-10-2017,10.4
21-10-2017,10.9
22-10-2017,9.2
23-10-2017,10.5
24-10-2017,11.4
25-10-2017,13.5
26-10-2017,9.8
27-10-2017,13.1
28-10-2017,9.7
29-10-2017,11.4
30-10-2017,9.9
31-10-2017,14.4
01-11-2017,19
02-11-2017,23
03-11-2017,15.4
04-11-2017,9.6
05-11-2017,10.8
06-11-2017,12.1
07-11-2017,11
08-11-2017,12.6
09-11-2017,14.7
10-11-2017,11.1
11-11-2017,10.1
12-11-2017,11.4
13-11-2017,13
14-11-2017,11.9
15-11-2017,9.5
16-11-2017,13.5
17-11-2017,15.2
18-11-2017,18.4
19-11-2017,24.1
20-11-2017,14.1
21-11-2017,10.7
22-11-2017,8.7
23-11-2017,13.3
24-11-2017,11.6
25-11-2017,9.9
26-11-2017,10.8
27-11-2017,11.5
28-11-2017,10
29-11-2017,13.9
30-11-2017,13.6
01-12-2017,11.9
02-12-2017,11.1
03-12-2017,8.2
04-12-2017,9.4
05-12-2017,12.7
06-12-2017,11.6
07-12-2017,11
08-12-2017,11.3
09-12-2017,13.4
10-12-2017,14.9
11-12-2017,15.2
12-12-2017,13.9
13-12-2017,15
14-12-2017,16.2
15-12-2017,17.7
16-12-2017,20.5
17-12-2017,14.7
18-12-2017,12.5
19-12-2017,10.9
20-12-2017,12.8
21-12-2017,12.7
22-12-2017,11.2
23-12-2017,11.4
24-12-2017,11.2
25-12-2017,12.1
26-12-2017,12.7
27-12-2017,16.2
28-12-2017,14.2
29-12-2017,14.3
30-12-2017,13.3
31-12-2017,16.7
01-01-2018,15.3
02-01-2018,14.3
03-01-2018,13.5
04-01-2018,15
05-01-2018,13.6
06-01-2018,15.2
07-01-2018,17
08-01-2018,18.7
09-01-2018,16.5
10-01-2018,17.4
11-01-2018,18.3
12-01-2018,18.3
13-01-2018,22.4
14-01-2018,21.4
15-01-2018,20.9
16-01-2018,17.6
17-01-2018,15.5
18-01-2018,16.6
19-01-2018,16.2
20-01-2018,15.6
21-01-2018,14.5
22-01-2018,14
23-01-2018,15.6
24-01-2018,12.3
25-01-2018,11.6
26-01-2018,12.6
27-01-2018,14.9
28-01-2018,17.3
29-01-2018,21.4
30-01-2018,23.4
31-01-2018,14.4
01-02-2018,14.1
02-02-2018,15
03-02-2018,14.5
04-02-2018,15.1
05-02-2018,13.9
06-02-2018,13.4
07-02-2018,9.2
08-02-2018,12.5
09-02-2018,15.1
10-02-2018,12.1
11-02-2018,14.5
12-02-2018,16.3
13-02-2018,16.5
14-02-2018,14.9
15-02-2018,13.2
16-02-2018,11.8
17-02-2018,13.6
18-02-2018,16.2
19-02-2018,14.1
20-02-2018,13.5
21-02-2018,15
22-02-2018,14.8
23-02-2018,16.2
24-02-2018,16.2
25-02-2018,13.3
26-02-2018,15.3
27-02-2018,18.4
28-02-2018,16.2
29-02-2018,16.3
01-03-2018,12.4
02-03-2018,15.6
03-03-2018,14.9
04-03-2018,14.8
05-03-2018,12.7
06-03-2018,14.2
07-03-2018,16.8
08-03-2018,16.7
09-03-2018,16.2
10-03-2018,14.5
11-03-2018,10
12-03-2018,12.6
13-03-2018,11.9
14-03-2018,11.8
15-03-2018,13.4
16-03-2018,14.5
17-03-2018,15.7
18-03-2018,15.3
19-03-2018,13.9
20-03-2018,13.7
21-03-2018,15.1
22-03-2018,15.6
23-03-2018,14.4
24-03-2018,13.9
25-03-2018,16.2
26-03-2018,16.7
27-03-2018,15.5
28-03-2018,16.4
29-03-2018,17.5
30-03-2018,18.2
31-03-2018,16.1
01-04-2018,16.5
02-04-2018,14.6
03-04-2018,16.4
04-04-2018,13.6
05-04-2018,15.9
06-04-2018,11.9
07-04-2018,14.7
08-04-2018,9.4
09-04-2018,6.6
10-04-2018,7.9
11-04-2018,11
12-04-2018,15.7
13-04-2018,15.2
14-04-2018,15.9
15-04-2018,10.6
16-04-2018,8.3
17-04-2018,8.6
18-04-2018,12.7
19-04-2018,10.5
20-04-2018,12
21-04-2018,11.1
22-04-2018,13
23-04-2018,12.4
24-04-2018,13.3
25-04-2018,15.9
26-04-2018,12
27-04-2018,13.7
28-04-2018,17.6
29-04-2018,14.3
30-04-2018,13.7
01-05-2018,15.2
02-05-2018,14.5
03-05-2018,14.9
04-05-2018,15.5
05-05-2018,16.4
06-05-2018,14.5
07-05-2018,12.6
08-05-2018,13.6
09-05-2018,11.2
10-05-2018,11
11-05-2018,12
12-05-2018,6.8
13-05-2018,10.6
14-05-2018,13.1
15-05-2018,13.5
16-05-2018,11.7
17-05-2018,13.2
18-05-2018,12
19-05-2018,10.4
20-05-2018,10
21-05-2018,8.2
22-05-2018,9.4
23-05-2018,10.3
24-05-2018,8.1
25-05-2018,8.7
26-05-2018,12.6
27-05-2018,10.9
28-05-2018,8.7
29-05-2018,9.3
30-05-2018,6.3
31-05-2018,7.8
01-06-2018,10
02-06-2018,11
03-06-2018,11.1
04-06-2018,12.6
05-06-2018,10.2
06-06-2018,11.1
07-06-2018,8.7
08-06-2018,9.5
09-06-2018,9.7
10-06-2018,8.2
11-06-2018,5
12-06-2018,6.5
13-06-2018,12.1
14-06-2018,8.9
15-06-2018,6.1
16-06-2018,2.8
17-06-2018,3.7
18-06-2018,6.8
19-06-2018,6.6
20-06-2018,7
21-06-2018,7.3
22-06-2018,7.9
23-06-2018,10.6
24-06-2018,8.1
25-06-2018,6.7
26-06-2018,8
27-06-2018,10
28-06-2018,6.7
29-06-2018,9.4
30-06-2018,9.3
01-07-2018,6
02-07-2018,5.8
03-07-2018,4.9
04-07-2018,5
05-07-2018,8.4
06-07-2018,12.3
07-07-2018,13
08-07-2018,11.4
09-07-2018,6.8
10-07-2018,7.6
11-07-2018,12.4
12-07-2018,7.1
13-07-2018,7.5
14-07-2018,10
15-07-2018,5.3
16-07-2018,6.3
17-07-2018,8
18-07-2018,8.3
19-07-2018,9.3
20-07-2018,9.5
21-07-2018,5.6
22-07-2018,7
23-07-2018,8.5
24-07-2018,8.5
25-07-2018,8.2
26-07-2018,8.5
27-07-2018,9.6
28-07-2018,9.7
29-07-2018,7.1
30-07-2018,8.4
31-07-2018,9.2
01-08-2018,9.8
02-08-2018,8.1
03-08-2018,9.4
04-08-2018,10
05-08-2018,5.1
06-08-2018,6.7
07-08-2018,6.9
08-08-2018,6.8
09-08-2018,8.6
10-08-2018,9.1
11-08-2018,3.9
12-08-2018,4.8
13-08-2018,8.4
14-08-2018,11.6
15-08-2018,12.1
16-08-2018,12.4
17-08-2018,10
18-08-2018,10.1
19-08-2018,9.7
20-08-2018,11.7
21-08-2018,7.9
22-08-2018,8.6
23-08-2018,7.7
24-08-2018,5.8
25-08-2018,8.7
26-08-2018,10.6
27-08-2018,6.7
28-08-2018,8.8
29-08-2018,9.7
30-08-2018,9
31-08-2018,11.8
01-09-2018,15.2
02-09-2018,10
03-09-2018,10.5
04-09-2018,5.5
05-09-2018,9.4
06-09-2018,8.8
07-09-2018,5.3
08-09-2018,13
09-09-2018,15.2
10-09-2018,13.2
11-09-2018,11.5
12-09-2018,6.8
13-09-2018,4.7
14-09-2018,5.2
15-09-2018,6.8
16-09-2018,10.7
17-09-2018,10.1
18-09-2018,10
19-09-2018,9.8
20-09-2018,5.5
21-09-2018,13.5
22-09-2018,16.6
23-09-2018,8.4
24-09-2018,8.2
25-09-2018,11.1
26-09-2018,10.8
27-09-2018,8.8
28-09-2018,10.8
29-09-2018,8.7
30-09-2018,12.4
01-10-2018,9
02-10-2018,13.5
03-10-2018,14.7
04-10-2018,10.9
05-10-2018,8.5
06-10-2018,6
07-10-2018,12.7
08-10-2018,11.1
09-10-2018,8.7
10-10-2018,12.3
11-10-2018,13.3
12-10-2018,5.6
13-10-2018,13.7
14-10-2018,8.5
15-10-2018,11.2
16-10-2018,8.7
17-10-2018,11.7
18-10-2018,12.5
19-10-2018,8.2
20-10-2018,15.6
21-10-2018,10.3
22-10-2018,11.4
23-10-2018,9.7
24-10-2018,6.3
25-10-2018,14.3
26-10-2018,11.3
27-10-2018,7.3
28-10-2018,12.8
29-10-2018,11.9
30-10-2018,14.3
31-10-2018,11.6
01-11-2018,13.2
02-11-2018,15.5
03-11-2018,14.1
04-11-2018,9.5
05-11-2018,7.2
06-11-2018,11.8
07-11-2018,16.8
08-11-2018,12.5
09-11-2018,9.4
10-11-2018,11.9
11-11-2018,10.3
12-11-2018,16.9
13-11-2018,17.5
14-11-2018,7.5
15-11-2018,8.6
16-11-2018,11.1
17-11-2018,11.5
18-11-2018,10.7
19-11-2018,15.7
20-11-2018,12.8
21-11-2018,13
22-11-2018,12.9
23-11-2018,14.3
24-11-2018,13.7
25-11-2018,12.1
26-11-2018,11.9
27-11-2018,11.8
28-11-2018,11.4
29-11-2018,10.3
30-11-2018,11.7
01-12-2018,12
02-12-2018,17.4
03-12-2018,16.8
04-12-2018,16.2
05-12-2018,13
06-12-2018,12.5
07-12-2018,12.4
08-12-2018,16.1
09-12-2018,20.2
10-12-2018,14.3
11-12-2018,11
12-12-2018,14.4
13-12-2018,15.7
14-12-2018,19.7
15-12-2018,20.7
16-12-2018,23.9
17-12-2018,16.6
18-12-2018,17.5
19-12-2018,14.9
20-12-2018,13.6
21-12-2018,11.9
22-12-2018,15.2
23-12-2018,17.3
24-12-2018,19.8
25-12-2018,15.8
26-12-2018,9.5
27-12-2018,12.9
28-12-2018,12.9
29-12-2018,14.8
30-12-2018,14.1
01-01-2019,14.3
02-01-2019,17.4
03-01-2019,18.5
04-01-2019,16.8
05-01-2019,11.5
06-01-2019,9.5
07-01-2019,12.2
08-01-2019,15.7
09-01-2019,16.3
10-01-2019,13.6
11-01-2019,12.6
12-01-2019,13.8
13-01-2019,12.1
14-01-2019,13.4
15-01-2019,17.3
16-01-2019,19.4
17-01-2019,16.6
18-01-2019,13.9
19-01-2019,13.1
20-01-2019,16
21-01-2019,14.5
22-01-2019,15
23-01-2019,12.6
24-01-2019,12.5
25-01-2019,15.2
26-01-2019,16.2
27-01-2019,16.5
28-01-2019,20.1
29-01-2019,20.6
30-01-2019,16.9
31-01-2019,16.5
01-02-2019,16.1
02-02-2019,14.4
03-02-2019,16.3
04-02-2019,15.7
05-02-2019,14.2
06-02-2019,13.2
07-02-2019,16.8
08-02-2019,18.5
09-02-2019,16.7
10-02-2019,15.3
11-02-2019,15.9
12-02-2019,15.2
13-02-2019,17.5
14-02-2019,18.3
15-02-2019,19.4
16-02-2019,19.4
17-02-2019,19.5
18-02-2019,20.5
19-02-2019,15.7
20-02-2019,15
21-02-2019,16.1
22-02-2019,14.3
23-02-2019,13
24-02-2019,16.2
25-02-2019,17.7
26-02-2019,13.2
27-02-2019,15.8
28-02-2019,18.5
01-03-2019,20.4
02-03-2019,22
03-03-2019,19.7
04-03-2019,19.6
05-03-2019,20.3
06-03-2019,18.3
07-03-2019,18.9
08-03-2019,20.3
09-03-2019,21.4
10-03-2019,18.3
11-03-2019,17.8
12-03-2019,17.7
13-03-2019,12.8
14-03-2019,15.1
15-03-2019,15
16-03-2019,14.8
17-03-2019,12
18-03-2019,12.5
19-03-2019,15
20-03-2019,17.1
21-03-2019,17.3
22-03-2019,16.9
23-03-2019,16.5
24-03-2019,13.6
25-03-2019,13.2
26-03-2019,9.4
27-03-2019,9.5
28-03-2019,11.8
29-03-2019,10.4
30-03-2019,9.7
31-03-2019,12.6
01-04-2019,13.3
02-04-2019,15.1
03-04-2019,14.2
04-04-2019,14.2
05-04-2019,19.2
06-04-2019,12.6
07-04-2019,14.2
08-04-2019,11.9
09-04-2019,13.9
10-04-2019,13.5
11-04-2019,15.3
12-04-2019,13.9
13-04-2019,14
14-04-2019,12.9
15-04-2019,8.5
16-04-2019,11.4
17-04-2019,10.9
18-04-2019,12
19-04-2019,8.6
20-04-2019,9
21-04-2019,9.6
22-04-2019,10.2
23-04-2019,9.8
24-04-2019,8.3
25-04-2019,11
26-04-2019,11.9
27-04-2019,14
28-04-2019,15.8
29-04-2019,14.5
30-04-2019,13.2
01-05-2019,14.2
02-05-2019,14.6
03-05-2019,11.8
04-05-2019,14.4
05-05-2019,10.4
06-05-2019,10.3
07-05-2019,10.8
08-05-2019,10.5
09-05-2019,9.5
10-05-2019,12.5
11-05-2019,13.7
12-05-2019,12.7
13-05-2019,11.9
14-05-2019,11.4
15-05-2019,9.7
16-05-2019,8.3
17-05-2019,8.1
18-05-2019,11.7
19-05-2019,11.6
20-05-2019,7.4
21-05-2019,5.2
22-05-2019,11
23-05-2019,9.5
24-05-2019,9.2
25-05-2019,10.7
26-05-2019,9
27-05-2019,10.2
28-05-2019,10.3
29-05-2019,12.1
30-05-2019,13.2
31-05-2019,6.6
01-06-2019,2.3
02-06-2019,1.4
03-06-2019,2.1
04-06-2019,6.6
05-06-2019,8.9
06-06-2019,7.8
07-06-2019,9
08-06-2019,10.3
09-06-2019,7.9
10-06-2019,7.2
11-06-2019,8.6
12-06-2019,8.8
13-06-2019,6.2
14-06-2019,9.5
15-06-2019,10.2
16-06-2019,9.7
17-06-2019,11.2
18-06-2019,10.2
19-06-2019,10.1
20-06-2019,8.1
21-06-2019,6.6
22-06-2019,5
23-06-2019,4.7
24-06-2019,5.3
25-06-2019,4.5
26-06-2019,2.3
27-06-2019,1.4
28-06-2019,0.5
29-06-2019,2.4
30-06-2019,8
01-07-2019,6
02-07-2019,7.1
03-07-2019,9.7
04-07-2019,6.9
05-07-2019,5.3
06-07-2019,7
07-07-2019,6.2
08-07-2019,7
09-07-2019,9.7
10-07-2019,8
11-07-2019,8.5
12-07-2019,7.1
13-07-2019,7.5
14-07-2019,3.3
15-07-2019,1.8
16-07-2019,2.6
17-07-2019,5.3
18-07-2019,5.8
19-07-2019,5.8
20-07-2019,7.2
21-07-2019,5.3
22-07-2019,1.6
23-07-2019,3.1
24-07-2019,5.3
25-07-2019,7.7
26-07-2019,4.2
27-07-2019,5.5
28-07-2019,9
29-07-2019,11.2
30-07-2019,8
31-07-2019,7.6
01-08-2019,3.7
02-08-2019,7.5
03-08-2019,8.1
04-08-2019,8.4
05-08-2019,7.1
06-08-2019,7.6
07-08-2019,7.6
08-08-2019,5.6
09-08-2019,7
10-08-2019,10.5
11-08-2019,7.3
12-08-2019,7.8
13-08-2019,5.8
14-08-2019,3.8
15-08-2019,5.8
16-08-2019,6.7
17-08-2019,6.6
18-08-2019,6.6
19-08-2019,9
20-08-2019,8.1
21-08-2019,5.1
22-08-2019,8.6
23-08-2019,7
24-08-2019,5.5
25-08-2019,7.4
26-08-2019,6.2
27-08-2019,4.2
28-08-2019,6.3
29-08-2019,7
30-08-2019,4
31-08-2019,8
01-09-2019,8.8
02-09-2019,8.8
03-09-2019,6.1
04-09-2019,8.6
05-09-2019,8.9
06-09-2019,7.8
07-09-2019,5
08-09-2019,7
09-09-2019,13.3
10-09-2019,7.9
11-09-2019,7.5
12-09-2019,8.3
13-09-2019,7.2
14-09-2019,6.5
15-09-2019,8.9
16-09-2019,7.4
17-09-2019,9.9
18-09-2019,9.3
19-09-2019,10.6
20-09-2019,8.6
21-09-2019,7.2
22-09-2019,12.6
23-09-2019,7.8
24-09-2019,6.3
25-09-2019,9.2
26-09-2019,5.8
27-09-2019,9
28-09-2019,5
29-09-2019,11.9
30-09-2019,13.4
01-10-2019,10.5
02-10-2019,6.2
03-10-2019,5.1
04-10-2019,9.5
05-10-2019,11.7
06-10-2019,9.2
07-10-2019,7.3
08-10-2019,9.7
09-10-2019,9.4
10-10-2019,10
11-10-2019,10.9
12-10-2019,11
13-10-2019,10.9
14-10-2019,8
15-10-2019,11.2
16-10-2019,7.5
17-10-2019,7.2
18-10-2019,13.2
19-10-2019,12.9
20-10-2019,9.4
21-10-2019,10.2
22-10-2019,9.5
23-10-2019,12.4
24-10-2019,10.2
25-10-2019,13.4
26-10-2019,11.6
27-10-2019,8
28-10-2019,9
29-10-2019,9.3
30-10-2019,13.5
31-10-2019,8
01-11-2019,8.1
02-11-2019,10
03-11-2019,8.5
04-11-2019,12.5
05-11-2019,15
06-11-2019,13.3
07-11-2019,11
08-11-2019,11.9
09-11-2019,8.3
10-11-2019,9.7
11-11-2019,11.3
12-11-2019,12.5
13-11-2019,9.4
14-11-2019,11.4
15-11-2019,13.2
16-11-2019,13.8
17-11-2019,16
18-11-2019,10.9
19-11-2019,11.9
20-11-2019,12.4
21-11-2019,13.2
22-11-2019,15.5
23-11-2019,21.6
24-11-2019,14.9
25-11-2019,14.4
26-11-2019,12.9
27-11-2019,13.1
28-11-2019,14
29-11-2019,17.9
30-11-2019,17.7
01-12-2019,16.3
02-12-2019,18.3
03-12-2019,13.7
04-12-2019,13.3
05-12-2019,10.6
06-12-2019,14.1
07-12-2019,16
08-12-2019,16.5
09-12-2019,14.1
10-12-2019,18.7
11-12-2019,16.2
12-12-2019,14.8
13-12-2019,12.6
14-12-2019,10.4
15-12-2019,12.2
16-12-2019,12.6
17-12-2019,12.1
18-12-2019,17.3
19-12-2019,16.4
20-12-2019,12.6
21-12-2019,12.3
22-12-2019,11.8
23-12-2019,12
24-12-2019,12.7
25-12-2019,16.4
26-12-2019,16
27-12-2019,13.3
28-12-2019,11.7
29-12-2019,10.4
30-12-2019,14.4
31-12-2019,12.7
01-01-2020,14.8
02-01-2020,13.3
03-01-2020,15.6
04-01-2020,14.5
05-01-2020,14.3
06-01-2020,15.3
07-01-2020,16.4
08-01-2020,14.8
09-01-2020,17.4
10-01-2020,18.8
11-01-2020,22.1
12-01-2020,19
13-01-2020,15.5
14-01-2020,15.8
15-01-2020,14.7
16-01-2020,10.7
17-01-2020,11.5
18-01-2020,15
19-01-2020,14.5
20-01-2020,14.5
21-01-2020,13.3
22-01-2020,14.3
23-01-2020,14.3
24-01-2020,20.5
25-01-2020,15
26-01-2020,17.1
27-01-2020,16.9
28-01-2020,16.9
29-01-2020,13.6
30-01-2020,16.4
31-01-2020,16.1
01-02-2020,12
02-02-2020,12.2
03-02-2020,14.8
04-02-2020,14.8
05-02-2020,14.4
06-02-2020,12.9
07-02-2020,13.4
08-02-2020,15.9
09-02-2020,16.1
10-02-2020,17.6
11-02-2020,15.6
12-02-2020,15
13-02-2020,13
14-02-2020,14.1
15-02-2020,17.3
16-02-2020,15.7
17-02-2020,18.6
18-02-2020,12.7
19-02-2020,14
20-02-2020,13.7
21-02-2020,16.3
22-02-2020,20
23-02-2020,17
24-02-2020,15.2
25-02-2020,16.5
26-02-2020,16.5
27-02-2020,17.3
28-02-2020,19.1
01-03-2020,19.3
02-03-2020,17.3
03-03-2020,19
04-03-2020,19.8
05-03-2020,19.3
06-03-2020,17.2
07-03-2020,14.2
08-03-2020,10.3
09-03-2020,13
10-03-2020,15.3
11-03-2020,15
12-03-2020,12.1
13-03-2020,9.2
14-03-2020,11
15-03-2020,15
16-03-2020,11.6
17-03-2020,11.6
18-03-2020,15.1
19-03-2020,15
20-03-2020,13.6
21-03-2020,12.5
22-03-2020,14.3
23-03-2020,16
24-03-2020,17.4
25-03-2020,16.9
26-03-2020,18
27-03-2020,20.6
28-03-2020,14.2
29-03-2020,10.9
30-03-2020,11.9
31-03-2020,13.3
01-04-2020,15.3
02-04-2020,14.7
03-04-2020,11
04-04-2020,12.2
05-04-2020,14.2
06-04-2020,17
07-04-2020,15.8
08-04-2020,15.2
09-04-2020,15.1
10-04-2020,14.7
11-04-2020,18.5
12-04-2020,16.4
13-04-2020,18.4
14-04-2020,15.1
15-04-2020,9.9
16-04-2020,10.2
17-04-2020,12.6
18-04-2020,13.2
19-04-2020,11.5
20-04-2020,13.8
21-04-2020,14.5
22-04-2020,14.7
23-04-2020,11.2
24-04-2020,12.7
25-04-2020,13.7
26-04-2020,11.5
27-04-2020,10.4
28-04-2020,8.9
29-04-2020,11.1
30-04-2020,9.5
01-05-2020,13
02-05-2020,13.9
03-05-2020,12.6
04-05-2020,14.3
05-05-2020,16
06-05-2020,13.3
07-05-2020,7
08-05-2020,4.9
09-05-2020,6.9
10-05-2020,13.7
11-05-2020,10.6
12-05-2020,12.3
13-05-2020,11.1
14-05-2020,10.2
15-05-2020,9.5
16-05-2020,8.9
17-05-2020,13.4
18-05-2020,9.1
19-05-2020,9.4
20-05-2020,8.7
21-05-2020,5.8
22-05-2020,4.5
23-05-2020,7.2
24-05-2020,10
25-05-2020,10.5
26-05-2020,10.7
27-05-2020,8.2
28-05-2020,6.1
29-05-2020,4.5
30-05-2020,6.1
31-05-2020,9.8
01-06-2020,9.7
02-06-2020,8.2
03-06-2020,8.4
04-06-2020,8.5
05-06-2020,10.4
06-06-2020,6.8
07-06-2020,6
08-06-2020,6.6
09-06-2020,7.8
10-06-2020,10.3
11-06-2020,7.2
12-06-2020,7.4
13-06-2020,11.4
14-06-2020,5.4
15-06-2020,4.4
16-06-2020,6.4
17-06-2020,9.3
18-06-2020,7.7
19-06-2020,8.1
20-06-2020,8.3
21-06-2020,9.1
22-06-2020,7.7
23-06-2020,10.6
24-06-2020,8.2
25-06-2020,7.9
26-06-2020,5.2
27-06-2020,5.9
28-06-2020,3.7
29-06-2020,5.6
30-06-2020,9.4
01-07-2020,7.4
02-07-2020,7.3
03-07-2020,7.7
04-07-2020,7.7
05-07-2020,9.3
06-07-2020,4.4
07-07-2020,5.7
08-07-2020,10.2
09-07-2020,10.2
10-07-2020,9.3
11-07-2020,5.4
12-07-2020,5
13-07-2020,7.6
14-07-2020,9.6
15-07-2020,10.4
16-07-2020,11.2
17-07-2020,9.1
18-07-2020,11.2
19-07-2020,6.8
20-07-2020,8.3
21-07-2020,9.7
22-07-2020,9.6
23-07-2020,9.8
24-07-2020,10.8
25-07-2020,9.2
26-07-2020,6.5
27-07-2020,8.1
28-07-2020,7.3
29-07-2020,7.9
30-07-2020,6
31-07-2020,5
01-08-2020,6.8
02-08-2020,9.8
03-08-2020,5.7
04-08-2020,8.6
05-08-2020,10.6
06-08-2020,7.8
07-08-2020,7.7
08-08-2020,8.6
09-08-2020,6.5
10-08-2020,6.9
11-08-2020,6.4
12-08-2020,8.5
13-08-2020,7.8
14-08-2020,9.3
15-08-2020,8.4
16-08-2020,7.8
17-08-2020,7.4
18-08-2020,7.7
19-08-2020,8.9
20-08-2020,9.7
21-08-2020,9.9
22-08-2020,6.1
23-08-2020,6.6
24-08-2020,7.6
25-08-2020,7.4
26-08-2020,8
27-08-2020,2.1
28-08-2020,5.9
29-08-2020,11.6
30-08-2020,8.6
31-08-2020,7.9
01-09-2020,6
02-09-2020,9.5
03-09-2020,8.6
04-09-2020,7.6
05-09-2020,10.4
06-09-2020,10.3
07-09-2020,7.5
08-09-2020,3
09-09-2020,5.3
10-09-2020,10.5
11-09-2020,14.6
12-09-2020,12.6
13-09-2020,9.8
14-09-2020,7.2
15-09-2020,10.1
16-09-2020,10.4
17-09-2020,3.7
18-09-2020,7.3
19-09-2020,11.6
20-09-2020,16.3
21-09-2020,9.6
22-09-2020,6.8
23-09-2020,5.2
24-09-2020,10.6
25-09-2020,16.3
26-09-2020,9.8
27-09-2020,4.6
28-09-2020,11.1
29-09-2020,8.7
30-09-2020,10
01-10-2020,11.3
02-10-2020,10.5
03-10-2020,9.9
04-10-2020,11
05-10-2020,14
06-10-2020,9.2
07-10-2020,9.8
08-10-2020,6
09-10-2020,9.8
10-10-2020,9.2
11-10-2020,11.8
12-10-2020,10.3
13-10-2020,7.5
14-10-2020,7.7
15-10-2020,15.8
16-10-2020,14.6
17-10-2020,10.5
18-10-2020,11.3
19-10-2020,10.9
20-10-2020,6.4
21-10-2020,10.9
22-10-2020,9
23-10-2020,10.9
24-10-2020,12.4
25-10-2020,11.6
26-10-2020,13.3
27-10-2020,14.4
28-10-2020,18.4
29-10-2020,13.6
30-10-2020,14.9
31-10-2020,14.8
01-11-2020,15.4
02-11-2020,11.8
03-11-2020,13
04-11-2020,11.1
05-11-2020,12.5
06-11-2020,18.3
07-11-2020,19.2
08-11-2020,15.4
09-11-2020,13.1
10-11-2020,11.5
11-11-2020,8.6
12-11-2020,12.6
13-11-2020,13.8
14-11-2020,14.6
15-11-2020,13.2
16-11-2020,12.3
17-11-2020,8.8
18-11-2020,10.7
19-11-2020,9.9
20-11-2020,8.3
21-11-2020,15
22-11-2020,12.2
23-11-2020,10.5
24-11-2020,11.1
25-11-2020,13
26-11-2020,12.9
27-11-2020,8.8
28-11-2020,14.7
29-11-2020,14.7
30-11-2020,12.7
01-12-2020,13.3
02-12-2020,13.2
03-12-2020,16.2
04-12-2020,17.3
05-12-2020,20.5
06-12-2020,20.2
07-12-2020,19.4
08-12-2020,15.5
09-12-2020,14.1
10-12-2020,11
11-12-2020,11.1
12-12-2020,14
13-12-2020,11.4
14-12-2020,12.5
15-12-2020,13.4
16-12-2020,13.6
17-12-2020,13.9
18-12-2020,17.2
19-12-2020,14.7
20-12-2020,15.4
21-12-2020,13.1
22-12-2020,13.2
23-12-2020,13.9
24-12-2020,10
25-12-2020,12.9
26-12-2020,14.6
27-12-2020,14
28-12-2020,13.6
29-12-2020,13.5
30-12-2020,15.7
31-12-2020,13
